block	timestep	content_hidden_rms_mean	content_hidden_rms_median	content_hidden_rms_std	content_hidden_rms_min	content_hidden_rms_max	content_hidden_rms_q1	content_hidden_rms_q3	style_hidden_rms_mean	style_hidden_rms_median	style_hidden_rms_std	style_hidden_rms_min	style_hidden_rms_max	style_hidden_rms_q1	style_hidden_rms_q3	content_hidden_over_style_hidden_mean	content_hidden_over_style_hidden_median	content_hidden_over_style_hidden_std	content_hidden_over_style_hidden_min	content_hidden_over_style_hidden_max	content_hidden_over_style_hidden_q1	content_hidden_over_style_hidden_q3	content_delta_rms_mean	content_delta_rms_median	content_delta_rms_std	content_delta_rms_min	content_delta_rms_max	content_delta_rms_q1	content_delta_rms_q3	style_delta_rms_mean	style_delta_rms_median	style_delta_rms_std	style_delta_rms_min	style_delta_rms_max	style_delta_rms_q1	style_delta_rms_q3	content_delta_over_style_delta_mean	content_delta_over_style_delta_median	content_delta_over_style_delta_std	content_delta_over_style_delta_min	content_delta_over_style_delta_max	content_delta_over_style_delta_q1	content_delta_over_style_delta_q3	tendency
1	0.1	1.1133084297180176	1.1111196279525757	0.06507702171802521	0.9076753854751587	1.3009426593780518	1.0647709369659424	1.1628687381744385	1.2126014232635498	1.2076460123062134	0.07543494552373886	0.9606386423110962	1.488054633140564	1.1599161624908447	1.2598042488098145	0.9210373759269714	0.9193747639656067	0.07087332755327225	0.6779916286468506	1.156394124031067	0.8724721670150757	0.9687082171440125	0.2637113332748413	0.2569761276245117	0.05339185893535614	0.13239842653274536	0.46691203117370605	0.22554513812065125	0.2975398302078247	0.25223448872566223	0.2441038340330124	0.05446314811706543	0.13326728343963623	0.47653740644454956	0.2107245922088623	0.28605276346206665	1.076614260673523	1.0471004247665405	0.2526654303073883	0.4904940128326416	2.0483758449554443	0.8882784247398376	1.235045075416565	content
1	0.5	1.1133084297180176	1.1111196279525757	0.06507702171802521	0.9076753854751587	1.3009426593780518	1.0647709369659424	1.1628687381744385	1.2126014232635498	1.2076460123062134	0.07543494552373886	0.9606386423110962	1.488054633140564	1.1599161624908447	1.2598042488098145	0.9210373759269714	0.9193747639656067	0.07087332755327225	0.6779916286468506	1.156394124031067	0.8724721670150757	0.9687082171440125	0.1549050509929657	0.1510019600391388	0.030709082260727882	0.07593458890914917	0.2827920615673065	0.1329386830329895	0.17261117696762085	0.1287052184343338	0.12322595715522766	0.03155137225985527	0.058769989758729935	0.26395976543426514	0.10608568042516708	0.1462167352437973	1.2432031631469727	1.2189079523086548	0.2677672803401947	0.653249979019165	2.3749632835388184	1.0452162027359009	1.4109642505645752	content
1	0.9	1.1133084297180176	1.1111196279525757	0.06507702171802521	0.9076753854751587	1.3009426593780518	1.0647709369659424	1.1628687381744385	1.2126014232635498	1.2076460123062134	0.07543494552373886	0.9606386423110962	1.488054633140564	1.1599161624908447	1.2598042488098145	0.9210373759269714	0.9193747639656067	0.07087332755327225	0.6779916286468506	1.156394124031067	0.8724721670150757	0.9687082171440125	0.1039300411939621	0.10197123885154724	0.02021653577685356	0.0476100780069828	0.2059391438961029	0.08957225829362869	0.11596634238958359	0.08546283841133118	0.08418261259794235	0.02079550176858902	0.03948608785867691	0.20111849904060364	0.07096737623214722	0.09641148149967194	1.2655351161956787	1.2247239351272583	0.31747475266456604	0.512407660484314	2.9506852626800537	1.0445876121520996	1.440504550933838	content
2	0.1	1.1665810346603394	1.1679224967956543	0.05525747686624527	0.9830496311187744	1.3602420091629028	1.1289939880371094	1.2053664922714233	1.3856821060180664	1.3794902563095093	0.09396212548017502	1.1202199459075928	1.6831821203231812	1.312785029411316	1.4504214525222778	0.8454011082649231	0.8461076021194458	0.06547790765762329	0.6408336162567139	1.0983655452728271	0.800940752029419	0.8881716728210449	0.24363431334495544	0.24190232157707214	0.03975687921047211	0.13391414284706116	0.3779653012752533	0.21445131301879883	0.27159568667411804	0.3055403530597687	0.29654768109321594	0.05698120966553688	0.17800335586071014	0.5511831641197205	0.2653663754463196	0.33738186955451965	0.8122914433479309	0.8007604479789734	0.14462201297283173	0.39878982305526733	1.4591560363769531	0.7128626108169556	0.9007707834243774	style
2	0.5	1.1665810346603394	1.1679224967956543	0.05525747686624527	0.9830496311187744	1.3602420091629028	1.1289939880371094	1.2053664922714233	1.3856821060180664	1.3794902563095093	0.09396212548017502	1.1202199459075928	1.6831821203231812	1.312785029411316	1.4504214525222778	0.8454011082649231	0.8461076021194458	0.06547790765762329	0.6408336162567139	1.0983655452728271	0.800940752029419	0.8881716728210449	0.15147769451141357	0.14657600224018097	0.03489752113819122	0.07487508654594421	0.31512972712516785	0.12602868676185608	0.1720094084739685	0.169001504778862	0.1640896052122116	0.037963274866342545	0.08499817550182343	0.3441530466079712	0.1415700912475586	0.19045275449752808	0.9148958921432495	0.889792799949646	0.19808320701122284	0.3817065954208374	1.8325517177581787	0.7775280475616455	1.0230189561843872	style
2	0.9	1.1665810346603394	1.1679224967956543	0.05525747686624527	0.9830496311187744	1.3602420091629028	1.1289939880371094	1.2053664922714233	1.3856821060180664	1.3794902563095093	0.09396212548017502	1.1202199459075928	1.6831821203231812	1.312785029411316	1.4504214525222778	0.8454011082649231	0.8461076021194458	0.06547790765762329	0.6408336162567139	1.0983655452728271	0.800940752029419	0.8881716728210449	0.1045985072851181	0.09858185797929764	0.02914503775537014	0.04882781580090523	0.24854573607444763	0.08417465537786484	0.11818220466375351	0.11081697791814804	0.10785357654094696	0.025390038266777992	0.052231986075639725	0.21804097294807434	0.09232224524021149	0.12730684876441956	0.9619780778884888	0.9326010346412659	0.23250111937522888	0.3786884546279907	2.054577112197876	0.8007960915565491	1.0899752378463745	style
3	0.1	1.2163779735565186	1.2158275842666626	0.05239376053214073	1.0162372589111328	1.3950880765914917	1.1810896396636963	1.2503080368041992	1.4847813844680786	1.4748317003250122	0.11948692798614502	1.1699776649475098	1.8700100183486938	1.3976049423217773	1.5774147510528564	0.8245824575424194	0.8192121982574463	0.07588375359773636	0.6068434119224548	1.0786240100860596	0.7657217383384705	0.8771493434906006	0.2508832514286041	0.24824143946170807	0.039821915328502655	0.14502039551734924	0.4457619786262512	0.2221214920282364	0.2766082286834717	0.33304041624069214	0.32647714018821716	0.056966859847307205	0.2039000540971756	0.6233940124511719	0.2932121157646179	0.3645646274089813	0.7643717527389526	0.7573826313018799	0.12449072301387787	0.41347211599349976	1.229010820388794	0.6779428720474243	0.8440774083137512	style
3	0.5	1.2163779735565186	1.2158275842666626	0.05239376053214073	1.0162372589111328	1.3950880765914917	1.1810896396636963	1.2503080368041992	1.4847813844680786	1.4748317003250122	0.11948692798614502	1.1699776649475098	1.8700100183486938	1.3976049423217773	1.5774147510528564	0.8245824575424194	0.8192121982574463	0.07588375359773636	0.6068434119224548	1.0786240100860596	0.7657217383384705	0.8771493434906006	0.18113979697227478	0.17739884555339813	0.03428574278950691	0.09110922366380692	0.3230128586292267	0.1569174826145172	0.20219506323337555	0.22396905720233917	0.21730424463748932	0.04696354642510414	0.11533163487911224	0.4611912667751312	0.19081822037696838	0.24929004907608032	0.8260367512702942	0.8156338930130005	0.15781958401203156	0.40214869379997253	1.5764554738998413	0.7182250022888184	0.9192273616790771	style
3	0.9	1.2163779735565186	1.2158275842666626	0.05239376053214073	1.0162372589111328	1.3950880765914917	1.1810896396636963	1.2503080368041992	1.4847813844680786	1.4748317003250122	0.11948692798614502	1.1699776649475098	1.8700100183486938	1.3976049423217773	1.5774147510528564	0.8245824575424194	0.8192121982574463	0.07588375359773636	0.6068434119224548	1.0786240100860596	0.7657217383384705	0.8771493434906006	0.14447833597660065	0.14135009050369263	0.029675394296646118	0.07041919231414795	0.2804758846759796	0.12380089610815048	0.16215740144252777	0.16926303505897522	0.16285008192062378	0.0391155369579792	0.08036354929208755	0.3688478171825409	0.1420329511165619	0.18912266194820404	0.8769741058349609	0.8632296323776245	0.188299760222435	0.4116725027561188	1.8647762537002563	0.7473864555358887	0.9892147779464722	style
4	0.1	1.2248756885528564	1.2233978509902954	0.06178272143006325	1.0429818630218506	1.4354572296142578	1.1835086345672607	1.2656358480453491	1.2387615442276	1.222518801689148	0.0973958969116211	1.0001537799835205	1.5600050687789917	1.1715776920318604	1.2906023263931274	0.994530200958252	0.997125506401062	0.08900920301675797	0.7100245952606201	1.320293664932251	0.9363181591033936	1.0542709827423096	0.34114864468574524	0.33998674154281616	0.04360627382993698	0.21512897312641144	0.524215817451477	0.3104563355445862	0.3705369830131531	0.28532645106315613	0.28162556886672974	0.03991931304335594	0.1836942732334137	0.43080341815948486	0.25731104612350464	0.3118249177932739	1.2128335237503052	1.205675482749939	0.19246192276477814	0.6500338315963745	1.9211757183074951	1.0783274173736572	1.3420177698135376	content
4	0.5	1.2248756885528564	1.2233978509902954	0.06178272143006325	1.0429818630218506	1.4354572296142578	1.1835086345672607	1.2656358480453491	1.2387615442276	1.222518801689148	0.0973958969116211	1.0001537799835205	1.5600050687789917	1.1715776920318604	1.2906023263931274	0.994530200958252	0.997125506401062	0.08900920301675797	0.7100245952606201	1.320293664932251	0.9363181591033936	1.0542709827423096	0.27291521430015564	0.27180665731430054	0.03709840402007103	0.16407479345798492	0.447671502828598	0.2466069757938385	0.29810550808906555	0.21872229874134064	0.216242715716362	0.03368765115737915	0.13181255757808685	0.3600446581840515	0.1946549415588379	0.24097813665866852	1.2692556381225586	1.259364128112793	0.2162827104330063	0.7020094394683838	2.0060153007507324	1.1139302253723145	1.4043986797332764	content
4	0.9	1.2248756885528564	1.2233978509902954	0.06178272143006325	1.0429818630218506	1.4354572296142578	1.1835086345672607	1.2656358480453491	1.2387615442276	1.222518801689148	0.0973958969116211	1.0001537799835205	1.5600050687789917	1.1715776920318604	1.2906023263931274	0.994530200958252	0.997125506401062	0.08900920301675797	0.7100245952606201	1.320293664932251	0.9363181591033936	1.0542709827423096	0.23415441811084747	0.23297569155693054	0.033213622868061066	0.13689100742340088	0.399444043636322	0.2111019343137741	0.2562945485115051	0.1855309009552002	0.18343041837215424	0.030079366639256477	0.10517725348472595	0.3092494606971741	0.16385000944137573	0.20470550656318665	1.2858752012252808	1.2760663032531738	0.22722332179546356	0.6937021017074585	2.077439308166504	1.1233407258987427	1.4314502477645874	content
5	0.1	1.222078561782837	1.218853235244751	0.05066106468439102	1.058670163154602	1.4327898025512695	1.1880770921707153	1.2525568008422852	1.4669588804244995	1.4593342542648315	0.10165225714445114	1.2061139345169067	1.753733515739441	1.391188144683838	1.5396093130111694	0.837382435798645	0.8350943326950073	0.0713716596364975	0.6493444442749023	1.1212595701217651	0.7842808961868286	0.887198805809021	0.27820807695388794	0.27788931131362915	0.041727177798748016	0.16136141121387482	0.4231022596359253	0.2487042248249054	0.30553752183914185	0.35985204577445984	0.35145992040634155	0.05198154225945473	0.23495638370513916	0.5443542003631592	0.3233602046966553	0.38910984992980957	0.7828067541122437	0.7824767827987671	0.12835745513439178	0.4118227958679199	1.2408324480056763	0.6976715326309204	0.8696393966674805	style
5	0.5	1.222078561782837	1.218853235244751	0.05066106468439102	1.058670163154602	1.4327898025512695	1.1880770921707153	1.2525568008422852	1.4669588804244995	1.4593342542648315	0.10165225714445114	1.2061139345169067	1.753733515739441	1.391188144683838	1.5396093130111694	0.837382435798645	0.8350943326950073	0.0713716596364975	0.6493444442749023	1.1212595701217651	0.7842808961868286	0.887198805809021	0.23276670277118683	0.2335806041955948	0.039137035608291626	0.11890875548124313	0.3635459542274475	0.20564302802085876	0.2594585418701172	0.29242321848869324	0.2864525616168976	0.04513390734791756	0.18424208462238312	0.46341484785079956	0.2619692087173462	0.31642064452171326	0.8073795437812805	0.8046979904174805	0.14890097081661224	0.4152018129825592	1.374597191810608	0.7033939957618713	0.9031457901000977	style
5	0.9	1.222078561782837	1.218853235244751	0.05066106468439102	1.058670163154602	1.4327898025512695	1.1880770921707153	1.2525568008422852	1.4669588804244995	1.4593342542648315	0.10165225714445114	1.2061139345169067	1.753733515739441	1.391188144683838	1.5396093130111694	0.837382435798645	0.8350943326950073	0.0713716596364975	0.6493444442749023	1.1212595701217651	0.7842808961868286	0.887198805809021	0.20893554389476776	0.21006491780281067	0.035814426839351654	0.10745255649089813	0.33720317482948303	0.18432483077049255	0.23343531787395477	0.2573777437210083	0.25249171257019043	0.042011409997940063	0.1435270756483078	0.44361820816993713	0.22992382943630219	0.279338002204895	0.8259299993515015	0.8223059177398682	0.1622450053691864	0.3946741819381714	1.4014557600021362	0.7125888466835022	0.934377908706665	style
6	0.1	1.2174217700958252	1.2187635898590088	0.06792504340410233	1.003057599067688	1.4543352127075195	1.1675004959106445	1.264691710472107	1.2804076671600342	1.273000955581665	0.1030983254313469	1.0151091814041138	1.6105434894561768	1.2029705047607422	1.3508858680725098	0.9568160772323608	0.9508604407310486	0.0926283746957779	0.7050129771232605	1.3041025400161743	0.8891910314559937	1.0167334079742432	0.33290138840675354	0.33262917399406433	0.0563458688557148	0.18015742301940918	0.5242546200752258	0.29296284914016724	0.3711875081062317	0.3199414014816284	0.31927719712257385	0.044264569878578186	0.16608783602714539	0.5019636750221252	0.2919454872608185	0.3471658527851105	1.0480397939682007	1.0349558591842651	0.16350330412387848	0.6121647357940674	1.735765814781189	0.9311021566390991	1.1561551094055176	content
6	0.5	1.2174217700958252	1.2187635898590088	0.06792504340410233	1.003057599067688	1.4543352127075195	1.1675004959106445	1.264691710472107	1.2804076671600342	1.273000955581665	0.1030983254313469	1.0151091814041138	1.6105434894561768	1.2029705047607422	1.3508858680725098	0.9568160772323608	0.9508604407310486	0.0926283746957779	0.7050129771232605	1.3041025400161743	0.8891910314559937	1.0167334079742432	0.2727033495903015	0.27193641662597656	0.047242265194654465	0.14059147238731384	0.4630995988845825	0.23969413340091705	0.3048069179058075	0.2550221383571625	0.25267693400382996	0.03682998940348625	0.12535658478736877	0.42991921305656433	0.23135969042778015	0.27574166655540466	1.0779366493225098	1.0608625411987305	0.17536155879497528	0.6612623333930969	1.7896981239318848	0.9538235664367676	1.1866496801376343	content
6	0.9	1.2174217700958252	1.2187635898590088	0.06792504340410233	1.003057599067688	1.4543352127075195	1.1675004959106445	1.264691710472107	1.2804076671600342	1.273000955581665	0.1030983254313469	1.0151091814041138	1.6105434894561768	1.2029705047607422	1.3508858680725098	0.9568160772323608	0.9508604407310486	0.0926283746957779	0.7050129771232605	1.3041025400161743	0.8891910314559937	1.0167334079742432	0.23932233452796936	0.24015513062477112	0.04149313271045685	0.12737034261226654	0.4179713726043701	0.210592120885849	0.26747292280197144	0.22404703497886658	0.22227759659290314	0.033311087638139725	0.10804315656423569	0.3839564025402069	0.20266149938106537	0.24365371465682983	1.0788257122039795	1.0602283477783203	0.1846686154603958	0.633598268032074	1.8838444948196411	0.9468374848365784	1.1935174465179443	content
7	0.1	1.2160770893096924	1.2144075632095337	0.04692050442099571	1.058777928352356	1.3766783475875854	1.185070276260376	1.245796799659729	1.1700966358184814	1.1675351858139038	0.07270815223455429	0.9622824192047119	1.4179731607437134	1.1215211153030396	1.221867561340332	1.0436058044433594	1.0380483865737915	0.08060034364461899	0.8454540371894836	1.3393772840499878	0.9857868552207947	1.0940213203430176	0.38680288195610046	0.3812841475009918	0.04726262390613556	0.26041528582572937	0.5900149941444397	0.3527991473674774	0.41577330231666565	0.2927108705043793	0.28803396224975586	0.043460000306367874	0.16031940281391144	0.4613596200942993	0.26445090770721436	0.3165091872215271	1.341678261756897	1.333343744277954	0.2036062330007553	0.759740948677063	2.014554738998413	1.2045724391937256	1.4679908752441406	content
7	0.5	1.2160770893096924	1.2144075632095337	0.04692050442099571	1.058777928352356	1.3766783475875854	1.185070276260376	1.245796799659729	1.1700966358184814	1.1675351858139038	0.07270815223455429	0.9622824192047119	1.4179731607437134	1.1215211153030396	1.221867561340332	1.0436058044433594	1.0380483865737915	0.08060034364461899	0.8454540371894836	1.3393772840499878	0.9857868552207947	1.0940213203430176	0.3394935727119446	0.33675387501716614	0.03895788639783859	0.22591078281402588	0.5062113404273987	0.31157100200653076	0.36471283435821533	0.23091983795166016	0.2273993194103241	0.036576807498931885	0.1295873522758484	0.39598992466926575	0.20561732351779938	0.2513188123703003	1.4959864616394043	1.485425591468811	0.22871287167072296	0.8384075164794922	2.466151714324951	1.343041181564331	1.6344335079193115	content
7	0.9	1.2160770893096924	1.2144075632095337	0.04692050442099571	1.058777928352356	1.3766783475875854	1.185070276260376	1.245796799659729	1.1700966358184814	1.1675351858139038	0.07270815223455429	0.9622824192047119	1.4179731607437134	1.1215211153030396	1.221867561340332	1.0436058044433594	1.0380483865737915	0.08060034364461899	0.8454540371894836	1.3393772840499878	0.9857868552207947	1.0940213203430176	0.30331945419311523	0.3021691143512726	0.03518189862370491	0.1908271610736847	0.44263797998428345	0.2775658965110779	0.32656270265579224	0.1906813383102417	0.18787537515163422	0.03172972425818443	0.10905422270298004	0.3231302499771118	0.16830000281333923	0.2096581608057022	1.6227610111236572	1.603764533996582	0.2634289860725403	0.8360157012939453	2.8404579162597656	1.4408981800079346	1.7870396375656128	content
8	0.1	1.1807818412780762	1.1791189908981323	0.05317120999097824	1.024322509765625	1.3862088918685913	1.1431411504745483	1.216310977935791	1.1546670198440552	1.151871919631958	0.09923010319471359	0.9304949045181274	1.4551873207092285	1.0791068077087402	1.227412462234497	1.030658483505249	1.0269206762313843	0.1047762781381607	0.7687305808067322	1.3530699014663696	0.9485094547271729	1.1057850122451782	0.40821409225463867	0.4046400189399719	0.0619509220123291	0.24848759174346924	0.6557629108428955	0.3652689754962921	0.45085591077804565	0.3165733218193054	0.31238704919815063	0.054463326930999756	0.169466033577919	0.5105173587799072	0.28127700090408325	0.34673944115638733	1.3145428895950317	1.3107479810714722	0.23415608704090118	0.6597539186477661	2.272601842880249	1.1554640531539917	1.465559959411621	content
8	0.5	1.1807818412780762	1.1791189908981323	0.05317120999097824	1.024322509765625	1.3862088918685913	1.1431411504745483	1.216310977935791	1.1546670198440552	1.151871919631958	0.09923010319471359	0.9304949045181274	1.4551873207092285	1.0791068077087402	1.227412462234497	1.030658483505249	1.0269206762313843	0.1047762781381607	0.7687305808067322	1.3530699014663696	0.9485094547271729	1.1057850122451782	0.35907262563705444	0.35510534048080444	0.04859774932265282	0.22707118093967438	0.5366648435592651	0.3250042200088501	0.39033663272857666	0.25622183084487915	0.2513749897480011	0.04612048715353012	0.12323306500911713	0.4429543912410736	0.22368288040161133	0.2846040427684784	1.4366488456726074	1.4305174350738525	0.2716223895549774	0.7427192330360413	2.677123546600342	1.2458643913269043	1.604702353477478	content
8	0.9	1.1807818412780762	1.1791189908981323	0.05317120999097824	1.024322509765625	1.3862088918685913	1.1431411504745483	1.216310977935791	1.1546670198440552	1.151871919631958	0.09923010319471359	0.9304949045181274	1.4551873207092285	1.0791068077087402	1.227412462234497	1.030658483505249	1.0269206762313843	0.1047762781381607	0.7687305808067322	1.3530699014663696	0.9485094547271729	1.1057850122451782	0.3172764182090759	0.3141537308692932	0.04236985370516777	0.20481032133102417	0.46116629242897034	0.2876476049423218	0.3446902632713318	0.21460847556591034	0.21101920306682587	0.04102969542145729	0.09291332960128784	0.39976751804351807	0.18536342680454254	0.24009297788143158	1.5250924825668335	1.499104619026184	0.3217492401599884	0.7575706243515015	3.3767566680908203	1.294630527496338	1.7262929677963257	content
9	0.1	1.304002285003662	1.3010551929473877	0.06086515262722969	1.1279292106628418	1.5736802816390991	1.260282278060913	1.3438918590545654	1.1421103477478027	1.1354469060897827	0.09345235675573349	0.8577715754508972	1.4376373291015625	1.0805257558822632	1.202476143836975	1.1499539613723755	1.1388016939163208	0.11480432748794556	0.8735191226005554	1.6056948900222778	1.0684430599212646	1.2195320129394531	0.6195961236953735	0.6440779566764832	0.1309613585472107	0.2532205879688263	0.9790316224098206	0.5405336022377014	0.713152289390564	0.4877709746360779	0.4894733130931854	0.1264830082654953	0.21135880053043365	0.88860023021698	0.38113534450531006	0.5877015590667725	1.3356226682662964	1.2506498098373413	0.38931265473365784	0.4639507830142975	2.9815497398376465	1.0644875764846802	1.5671677589416504	content
9	0.5	1.304002285003662	1.3010551929473877	0.06086515262722969	1.1279292106628418	1.5736802816390991	1.260282278060913	1.3438918590545654	1.1421103477478027	1.1354469060897827	0.09345235675573349	0.8577715754508972	1.4376373291015625	1.0805257558822632	1.202476143836975	1.1499539613723755	1.1388016939163208	0.11480432748794556	0.8735191226005554	1.6056948900222778	1.0684430599212646	1.2195320129394531	0.5776273608207703	0.5935593843460083	0.105501189827919	0.2535454034805298	0.866562008857727	0.5133709907531738	0.6510718464851379	0.40878018736839294	0.4070822596549988	0.09095656126737595	0.19384917616844177	0.6837901473045349	0.3374865651130676	0.47764819860458374	1.4589329957962036	1.4182199239730835	0.32729560136795044	0.6412328481674194	3.252150058746338	1.219673752784729	1.665298581123352	content
9	0.9	1.304002285003662	1.3010551929473877	0.06086515262722969	1.1279292106628418	1.5736802816390991	1.260282278060913	1.3438918590545654	1.1421103477478027	1.1354469060897827	0.09345235675573349	0.8577715754508972	1.4376373291015625	1.0805257558822632	1.202476143836975	1.1499539613723755	1.1388016939163208	0.11480432748794556	0.8735191226005554	1.6056948900222778	1.0684430599212646	1.2195320129394531	0.5299848318099976	0.5374546051025391	0.08789357542991638	0.2531789243221283	0.7815446853637695	0.4720316231250763	0.591293215751648	0.3399085998535156	0.3374646008014679	0.06852862238883972	0.14978665113449097	0.5588495135307312	0.2893696129322052	0.389503538608551	1.5991780757904053	1.5634715557098389	0.3145419955253601	0.7680538892745972	4.027825832366943	1.3734427690505981	1.7950921058654785	content
10	0.1	1.211798906326294	1.215827465057373	0.06500595062971115	0.9807476997375488	1.4308030605316162	1.1685383319854736	1.2577929496765137	1.6027300357818604	1.593418002128601	0.14755623042583466	1.2317897081375122	2.0232996940612793	1.4839621782302856	1.7046573162078857	0.7625554800033569	0.7579951882362366	0.08181004226207733	0.5417100787162781	1.0592563152313232	0.7040242552757263	0.8216530680656433	0.44175082445144653	0.4509340822696686	0.10166570544242859	0.20580022037029266	0.8077643513679504	0.3585312068462372	0.5159033536911011	0.6462079882621765	0.6563068628311157	0.13087841868400574	0.2713320553302765	1.0372130870819092	0.5545228719711304	0.7366571426391602	0.6939972639083862	0.6794323325157166	0.14669343829154968	0.3586200177669525	1.5342141389846802	0.587227463722229	0.7781781554222107	style
10	0.5	1.211798906326294	1.215827465057373	0.06500595062971115	0.9807476997375488	1.4308030605316162	1.1685383319854736	1.2577929496765137	1.6027300357818604	1.593418002128601	0.14755623042583466	1.2317897081375122	2.0232996940612793	1.4839621782302856	1.7046573162078857	0.7625554800033569	0.7579951882362366	0.08181004226207733	0.5417100787162781	1.0592563152313232	0.7040242552757263	0.8216530680656433	0.3591568171977997	0.3630653917789459	0.07695960998535156	0.16840630769729614	0.6459829211235046	0.300477534532547	0.41112852096557617	0.46494579315185547	0.46457144618034363	0.09448812901973724	0.2320544421672821	0.7864360213279724	0.3954165279865265	0.5261666774749756	0.7843683362007141	0.7661079168319702	0.1512778401374817	0.40121644735336304	1.6685398817062378	0.6783559918403625	0.8789516091346741	style
10	0.9	1.211798906326294	1.215827465057373	0.06500595062971115	0.9807476997375488	1.4308030605316162	1.1685383319854736	1.2577929496765137	1.6027300357818604	1.593418002128601	0.14755623042583466	1.2317897081375122	2.0232996940612793	1.4839621782302856	1.7046573162078857	0.7625554800033569	0.7579951882362366	0.08181004226207733	0.5417100787162781	1.0592563152313232	0.7040242552757263	0.8216530680656433	0.28027355670928955	0.2786242365837097	0.058621596544981	0.12215268611907959	0.4783247411251068	0.23624646663665771	0.3185475468635559	0.3216497600078583	0.3240555226802826	0.07356109470129013	0.14291274547576904	0.5521313548088074	0.2662394046783447	0.3709428906440735	0.8943589925765991	0.8689823746681213	0.18792907893657684	0.4748821258544922	1.84103262424469	0.7589350342750549	1.0049289464950562	style
11	0.1	1.1585451364517212	1.144646167755127	0.09731633216142654	0.918298602104187	1.453434705734253	1.0863687992095947	1.225311040878296	1.607969045639038	1.588036060333252	0.14866600930690765	1.2489211559295654	2.0542237758636475	1.4907290935516357	1.7165721654891968	0.7280415296554565	0.7173293828964233	0.10211155563592911	0.4788665175437927	1.1129897832870483	0.6528050899505615	0.7926461696624756	0.38778194785118103	0.37878915667533875	0.06387434154748917	0.23007503151893616	0.6785397529602051	0.3435092270374298	0.42408883571624756	0.5785160064697266	0.5754683017730713	0.15810619294643402	0.23092491924762726	1.0727994441986084	0.4634222984313965	0.6896822452545166	0.7111669182777405	0.6732861995697021	0.1895451843738556	0.33797040581703186	1.6004270315170288	0.576560914516449	0.8023290634155273	style
11	0.5	1.1585451364517212	1.144646167755127	0.09731633216142654	0.918298602104187	1.453434705734253	1.0863687992095947	1.225311040878296	1.607969045639038	1.588036060333252	0.14866600930690765	1.2489211559295654	2.0542237758636475	1.4907290935516357	1.7165721654891968	0.7280415296554565	0.7173293828964233	0.10211155563592911	0.4788665175437927	1.1129897832870483	0.6528050899505615	0.7926461696624756	0.28967034816741943	0.2836553752422333	0.05498525872826576	0.14497657120227814	0.5054302215576172	0.24976669251918793	0.32445889711380005	0.37645453214645386	0.3790439963340759	0.116376593708992	0.14531145989894867	0.7459016442298889	0.28033503890037537	0.4692373275756836	0.8280107378959656	0.771933376789093	0.24025025963783264	0.42762017250061035	1.893100380897522	0.6451637148857117	0.9650694131851196	style
11	0.9	1.1585451364517212	1.144646167755127	0.09731633216142654	0.918298602104187	1.453434705734253	1.0863687992095947	1.225311040878296	1.607969045639038	1.588036060333252	0.14866600930690765	1.2489211559295654	2.0542237758636475	1.4907290935516357	1.7165721654891968	0.7280415296554565	0.7173293828964233	0.10211155563592911	0.4788665175437927	1.1129897832870483	0.6528050899505615	0.7926461696624756	0.24306979775428772	0.2421865016222	0.047739237546920776	0.09840555489063263	0.39352235198020935	0.207460418343544	0.2762503921985626	0.27082663774490356	0.2691470980644226	0.08540043234825134	0.10486530512571335	0.4934939444065094	0.1996956318616867	0.34018585085868835	0.9652012586593628	0.9085900783538818	0.27394962310791016	0.40436795353889465	2.2378125190734863	0.752508282661438	1.1340086460113525	style
12	0.1	1.29365873336792	1.2852450609207153	0.1139005795121193	0.9841699004173279	1.6377204656600952	1.2110168933868408	1.3726732730865479	1.447365164756775	1.4260860681533813	0.1697954684495926	1.065718173980713	1.9764145612716675	1.3166069984436035	1.5670336484909058	0.9070814847946167	0.889723002910614	0.14114880561828613	0.5801774859428406	1.4489200115203857	0.8002041578292847	0.9951741695404053	0.7324687242507935	0.7132556438446045	0.16813388466835022	0.3917055130004883	1.2498667240142822	0.5900318622589111	0.8550224304199219	0.8330294489860535	0.7604465484619141	0.34843650460243225	0.24524031579494476	1.842356562614441	0.5498205423355103	1.069793939590454	0.998997688293457	0.927087128162384	0.3747258484363556	0.30354875326156616	2.695767402648926	0.7150369882583618	1.1983360052108765	style
12	0.5	1.29365873336792	1.2852450609207153	0.1139005795121193	0.9841699004173279	1.6377204656600952	1.2110168933868408	1.3726732730865479	1.447365164756775	1.4260860681533813	0.1697954684495926	1.065718173980713	1.9764145612716675	1.3166069984436035	1.5670336484909058	0.9070814847946167	0.889723002910614	0.14114880561828613	0.5801774859428406	1.4489200115203857	0.8002041578292847	0.9951741695404053	0.5573457479476929	0.5296148061752319	0.14149124920368195	0.2700285315513611	1.0991266965866089	0.447138249874115	0.650046706199646	0.5188308954238892	0.47320863604545593	0.2801087498664856	0.13391509652137756	1.2982004880905151	0.2570318877696991	0.710647463798523	1.3515379428863525	1.1379700899124146	0.6516950130462646	0.3715463876724243	3.7868857383728027	0.8439674377441406	1.784110188484192	content
12	0.9	1.29365873336792	1.2852450609207153	0.1139005795121193	0.9841699004173279	1.6377204656600952	1.2110168933868408	1.3726732730865479	1.447365164756775	1.4260860681533813	0.1697954684495926	1.065718173980713	1.9764145612716675	1.3166069984436035	1.5670336484909058	0.9070814847946167	0.889723002910614	0.14114880561828613	0.5801774859428406	1.4489200115203857	0.8002041578292847	0.9951741695404053	0.43613940477371216	0.42650073766708374	0.08690193295478821	0.21607647836208344	0.8123599886894226	0.37456899881362915	0.48830488324165344	0.370665580034256	0.35402634739875793	0.17243796586990356	0.10942097008228302	0.8745764493942261	0.21176685392856598	0.4895532429218292	1.3979613780975342	1.215702772140503	0.5750775933265686	0.4911791980266571	4.058973789215088	0.9434021711349487	1.7892632484436035	content
