token_idx	y	x	best_ref	ref0_mass	ref1_mass	ref2_mass	ref3_mass	ref4_mass	ref5_mass	ref6_mass	ref7_mass	ref0_same	ref1_same	ref2_same	ref3_same	ref4_same	ref5_same	ref6_same	ref7_same
0	0	0	7	0.171153	0.045759	0.176963	0.121618	0.120742	0.092607	0.084942	0.186216	0.000029	0.000034	0.000040	0.000041	0.000035	0.000022	0.000042	0.000044
1	0	1	0	0.185735	0.043243	0.156029	0.127660	0.098378	0.104358	0.107941	0.176656	0.000024	0.000031	0.000051	0.000047	0.000032	0.000019	0.000044	0.000042
2	0	2	0	0.199804	0.047777	0.161799	0.104320	0.096084	0.117072	0.107094	0.166051	0.000025	0.000032	0.000037	0.000038	0.000031	0.000022	0.000035	0.000038
3	0	3	0	0.192562	0.059467	0.177009	0.099674	0.100774	0.105322	0.093661	0.171531	0.000022	0.000031	0.000033	0.000030	0.000027	0.000019	0.000031	0.000030
4	0	4	0	0.198710	0.058083	0.187729	0.098337	0.105483	0.094200	0.087310	0.170149	0.000022	0.000041	0.000070	0.000030	0.000027	0.000019	0.000041	0.000028
5	0	5	0	0.205891	0.058595	0.185827	0.091688	0.127977	0.089449	0.074532	0.166041	0.000019	0.000073	0.000067	0.000025	0.000025	0.000015	0.000043	0.000025
6	0	6	0	0.197754	0.052170	0.176756	0.081066	0.171193	0.097659	0.072737	0.150665	0.000026	0.000119	0.000094	0.000031	0.000033	0.000024	0.000069	0.000051
7	0	7	0	0.197167	0.054188	0.164639	0.084984	0.171155	0.109786	0.076472	0.141609	0.000040	0.000135	0.000157	0.000041	0.000058	0.000044	0.000051	0.000199
8	0	8	0	0.199418	0.054254	0.170045	0.085412	0.155304	0.119276	0.078718	0.137573	0.000130	0.000225	0.000180	0.000068	0.000100	0.000060	0.000035	0.000290
9	0	9	0	0.213923	0.053775	0.175650	0.085887	0.116965	0.119055	0.085587	0.149158	0.000522	0.000428	0.000138	0.000121	0.000035	0.000032	0.000029	0.000140
10	0	10	0	0.219939	0.048435	0.184822	0.089983	0.099925	0.108150	0.085019	0.163726	0.000154	0.000097	0.000074	0.000080	0.000020	0.000015	0.000017	0.000116
11	0	11	0	0.225561	0.054566	0.167517	0.099303	0.085499	0.103391	0.088776	0.175388	0.000148	0.000050	0.000032	0.000046	0.000019	0.000015	0.000017	0.000059
12	0	12	0	0.227466	0.056381	0.165026	0.107446	0.083639	0.098554	0.087674	0.173815	0.000084	0.000028	0.000027	0.000039	0.000017	0.000014	0.000018	0.000041
13	0	13	0	0.225014	0.060216	0.155674	0.112339	0.089715	0.097282	0.091049	0.168710	0.000043	0.000030	0.000030	0.000045	0.000018	0.000015	0.000022	0.000032
14	0	14	0	0.198730	0.061222	0.137883	0.117369	0.096626	0.104762	0.100892	0.182516	0.000061	0.000031	0.000040	0.000044	0.000019	0.000017	0.000027	0.000031
15	0	15	0	0.179712	0.052004	0.159549	0.102215	0.129640	0.107712	0.101677	0.167491	0.000054	0.000047	0.000055	0.000054	0.000031	0.000028	0.000049	0.000044
16	1	0	0	0.186996	0.055029	0.144922	0.130855	0.109266	0.109568	0.096365	0.166998	0.000058	0.000067	0.000077	0.000097	0.000049	0.000052	0.000107	0.000083
17	1	1	0	0.219450	0.049487	0.142548	0.112200	0.090724	0.119772	0.123007	0.142812	0.000145	0.000154	0.000191	0.000287	0.000140	0.000135	0.000262	0.000199
18	1	2	0	0.226120	0.055274	0.142453	0.114612	0.084088	0.122627	0.124407	0.130419	0.000209	0.000177	0.000320	0.000343	0.000228	0.000184	0.000620	0.000282
19	1	3	0	0.215834	0.057313	0.149350	0.126652	0.086359	0.114173	0.117772	0.132546	0.000195	0.000235	0.001044	0.000332	0.000360	0.000154	0.000906	0.000175
20	1	4	0	0.221805	0.055012	0.155337	0.122650	0.096162	0.108730	0.103086	0.137217	0.000158	0.000625	0.003134	0.000371	0.000316	0.000136	0.001431	0.000170
21	1	5	0	0.226958	0.055327	0.158930	0.110397	0.152444	0.091501	0.075697	0.128745	0.000130	0.000520	0.007929	0.000358	0.000158	0.000131	0.001822	0.000203
22	1	6	0	0.227015	0.033907	0.169027	0.085911	0.195027	0.097059	0.070265	0.121788	0.000571	0.000181	0.001529	0.000324	0.000144	0.001207	0.002995	0.000856
23	1	7	0	0.225603	0.034658	0.163400	0.087101	0.184976	0.119236	0.076461	0.108565	0.001151	0.000356	0.000564	0.000303	0.003291	0.010103	0.000643	0.006150
24	1	8	0	0.242322	0.036612	0.163504	0.091705	0.151512	0.120933	0.083160	0.110251	0.005193	0.000805	0.006668	0.000352	0.006392	0.015488	0.000134	0.008079
25	1	9	0	0.262302	0.038018	0.169857	0.094826	0.114749	0.120011	0.079406	0.120831	0.005560	0.001458	0.018562	0.000713	0.002827	0.002952	0.000108	0.014432
26	1	10	0	0.263688	0.041285	0.165683	0.098753	0.064175	0.131110	0.100014	0.135293	0.008781	0.001468	0.010175	0.002889	0.000061	0.000155	0.000182	0.004775
27	1	11	0	0.271658	0.055028	0.154103	0.118569	0.060820	0.102630	0.094414	0.142777	0.011264	0.001989	0.000511	0.000777	0.000031	0.000094	0.000234	0.002364
28	1	12	0	0.260542	0.056214	0.146350	0.134729	0.067607	0.096217	0.099503	0.138839	0.004970	0.000502	0.000213	0.000369	0.000040	0.000123	0.000277	0.000487
29	1	13	0	0.248567	0.055168	0.136865	0.133265	0.073574	0.100756	0.114152	0.137653	0.001517	0.000150	0.000183	0.000322	0.000053	0.000142	0.000299	0.000134
30	1	14	0	0.234443	0.047098	0.140526	0.118050	0.080300	0.118403	0.111207	0.149973	0.000313	0.000113	0.000227	0.000211	0.000078	0.000153	0.000288	0.000092
31	1	15	0	0.205916	0.050931	0.132688	0.118120	0.118376	0.108986	0.104636	0.160347	0.000073	0.000089	0.000124	0.000119	0.000058	0.000071	0.000128	0.000071
32	2	0	0	0.185899	0.055328	0.141668	0.125936	0.106661	0.106045	0.110019	0.168444	0.000054	0.000074	0.000059	0.000076	0.000045	0.000049	0.000099	0.000063
33	2	1	0	0.244143	0.047970	0.140857	0.111192	0.085127	0.111298	0.130083	0.129331	0.000148	0.000136	0.000133	0.000241	0.000157	0.000128	0.000577	0.000169
34	2	2	0	0.239597	0.054836	0.144522	0.125705	0.072536	0.112892	0.140321	0.109591	0.000377	0.000197	0.000296	0.000360	0.000715	0.000209	0.004677	0.000310
35	2	3	0	0.234648	0.049993	0.148279	0.141061	0.066513	0.115997	0.126689	0.116820	0.000267	0.000245	0.001016	0.000324	0.002074	0.000192	0.003227	0.000250
36	2	4	0	0.256267	0.046193	0.140830	0.129978	0.058301	0.121348	0.117104	0.129980	0.000121	0.000254	0.003675	0.000202	0.000538	0.000161	0.001714	0.000196
37	2	5	0	0.273343	0.047931	0.144800	0.114764	0.062674	0.116155	0.097389	0.142946	0.000124	0.000637	0.004685	0.000173	0.000142	0.000183	0.002025	0.000461
38	2	6	0	0.254928	0.041301	0.148384	0.106347	0.119607	0.108618	0.088069	0.132745	0.000240	0.001168	0.000891	0.000125	0.000103	0.000432	0.005582	0.001319
39	2	7	0	0.236593	0.034395	0.140608	0.096946	0.160316	0.131498	0.083462	0.116183	0.000759	0.001285	0.000157	0.000206	0.002073	0.006523	0.003038	0.002954
40	2	8	0	0.234002	0.032407	0.155598	0.096921	0.139595	0.132684	0.083787	0.125005	0.004107	0.001851	0.003450	0.001454	0.024223	0.030570	0.000331	0.003983
41	2	9	0	0.277907	0.035372	0.155723	0.105804	0.065322	0.133128	0.095520	0.131224	0.008042	0.003763	0.005435	0.008201	0.002317	0.007608	0.000076	0.006426
42	2	10	0	0.308026	0.052185	0.135801	0.124771	0.048377	0.114823	0.090472	0.125545	0.021786	0.001347	0.008263	0.028486	0.000049	0.000228	0.000066	0.002925
43	2	11	0	0.313531	0.056785	0.125718	0.131840	0.053011	0.104705	0.086537	0.127872	0.016598	0.000701	0.002985	0.006097	0.000016	0.000066	0.000101	0.001454
44	2	12	0	0.307807	0.059568	0.122080	0.140943	0.057281	0.089073	0.099607	0.123641	0.011687	0.000184	0.000413	0.001057	0.000033	0.000121	0.000227	0.000228
45	2	13	0	0.280791	0.058718	0.127430	0.139029	0.061627	0.100640	0.115557	0.116208	0.008653	0.000144	0.000280	0.000663	0.000043	0.000109	0.000250	0.000160
46	2	14	0	0.252734	0.047781	0.130569	0.121331	0.066899	0.125275	0.125514	0.129897	0.000764	0.000119	0.000166	0.000192	0.000069	0.000133	0.000269	0.000099
47	2	15	0	0.212573	0.059854	0.131223	0.113474	0.108139	0.111358	0.113387	0.149991	0.000072	0.000093	0.000088	0.000092	0.000055	0.000062	0.000116	0.000070
48	3	0	0	0.193262	0.050885	0.144813	0.125445	0.112786	0.099797	0.112065	0.160947	0.000044	0.000048	0.000046	0.000043	0.000037	0.000032	0.000069	0.000041
49	3	1	0	0.268643	0.037128	0.141649	0.105603	0.081747	0.107541	0.136610	0.121080	0.000098	0.000066	0.000083	0.000103	0.000058	0.000052	0.001902	0.000074
50	3	2	0	0.260545	0.041784	0.150878	0.120596	0.065572	0.109851	0.146095	0.104679	0.000490	0.000118	0.000267	0.000307	0.000483	0.000107	0.003684	0.000177
51	3	3	0	0.269360	0.034207	0.144577	0.133031	0.052112	0.116735	0.132658	0.117319	0.000275	0.000100	0.000702	0.000491	0.002101	0.000128	0.002251	0.000198
52	3	4	0	0.283360	0.033244	0.143188	0.122687	0.045568	0.111165	0.123984	0.136804	0.000106	0.000068	0.000458	0.000184	0.001322	0.000078	0.006138	0.000196
53	3	5	0	0.267252	0.039932	0.145675	0.130454	0.043441	0.113315	0.112075	0.147857	0.000040	0.000720	0.000220	0.000126	0.000067	0.000064	0.004941	0.002783
54	3	6	0	0.270397	0.044487	0.141412	0.122015	0.053662	0.123327	0.097243	0.147457	0.000079	0.003307	0.000298	0.000143	0.000066	0.000495	0.001428	0.003657
55	3	7	0	0.268419	0.042759	0.138111	0.105385	0.063252	0.144272	0.090272	0.147531	0.000537	0.001864	0.000307	0.000783	0.000385	0.007161	0.000299	0.002341
56	3	8	0	0.290398	0.042853	0.120794	0.113054	0.047947	0.150277	0.100585	0.134092	0.002484	0.001591	0.000137	0.002450	0.001006	0.013578	0.000065	0.004041
57	3	9	0	0.306132	0.051187	0.114903	0.122379	0.039853	0.128830	0.111603	0.125114	0.013685	0.000636	0.000365	0.013313	0.001221	0.009931	0.000065	0.003044
58	3	10	0	0.318246	0.066512	0.109567	0.138360	0.044072	0.112403	0.093640	0.117201	0.010708	0.000205	0.000383	0.017628	0.000030	0.000687	0.000052	0.001544
59	3	11	0	0.323555	0.064007	0.103113	0.156614	0.045206	0.095275	0.092260	0.119970	0.006277	0.000054	0.000302	0.005444	0.000018	0.000104	0.000049	0.000166
60	3	12	0	0.317626	0.067456	0.105467	0.168524	0.042023	0.081951	0.094727	0.122225	0.004674	0.000038	0.000088	0.000382	0.000021	0.000068	0.000076	0.000061
61	3	13	0	0.276060	0.068446	0.121399	0.148461	0.050623	0.105915	0.110939	0.118157	0.001120	0.000068	0.000152	0.000383	0.000031	0.000059	0.000132	0.000083
62	3	14	0	0.257312	0.050393	0.137090	0.129646	0.061734	0.119093	0.118887	0.125845	0.000452	0.000078	0.000095	0.000168	0.000037	0.000063	0.000141	0.000073
63	3	15	0	0.221550	0.059552	0.141830	0.122158	0.093201	0.101905	0.110273	0.149531	0.000058	0.000056	0.000049	0.000052	0.000042	0.000042	0.000062	0.000046
64	4	0	0	0.175030	0.047522	0.154380	0.124046	0.130590	0.100091	0.108336	0.160005	0.000051	0.000046	0.000054	0.000043	0.000046	0.000033	0.000069	0.000042
65	4	1	0	0.245366	0.031962	0.136094	0.108896	0.095128	0.120972	0.144793	0.116788	0.000255	0.000053	0.000300	0.000137	0.000051	0.000043	0.000434	0.000068
66	4	2	0	0.249085	0.034220	0.132384	0.131763	0.068029	0.130346	0.148733	0.105441	0.004716	0.000067	0.002238	0.000562	0.000207	0.000068	0.001713	0.000098
67	4	3	0	0.274351	0.033963	0.127618	0.147926	0.055574	0.117891	0.131845	0.110831	0.003255	0.000055	0.000514	0.007422	0.000266	0.000071	0.002009	0.000085
68	4	4	0	0.301802	0.035141	0.143420	0.133113	0.044132	0.093797	0.121275	0.127320	0.004530	0.000020	0.000268	0.011756	0.000368	0.000120	0.007520	0.000124
69	4	5	0	0.263290	0.042949	0.148374	0.133029	0.050156	0.109103	0.118787	0.134313	0.000440	0.000021	0.000649	0.004810	0.000049	0.001155	0.005867	0.004490
70	4	6	0	0.258699	0.041386	0.152829	0.114134	0.070510	0.112862	0.111904	0.137675	0.000168	0.000067	0.000089	0.000643	0.000082	0.004961	0.002776	0.003002
71	4	7	0	0.235904	0.042432	0.165663	0.105493	0.073423	0.118479	0.104234	0.154372	0.000111	0.000452	0.000120	0.002133	0.000257	0.004545	0.000577	0.003138
72	4	8	0	0.253659	0.048035	0.146586	0.118949	0.080382	0.109341	0.105345	0.137702	0.000583	0.000735	0.000190	0.001309	0.001271	0.009668	0.000135	0.005020
73	4	9	0	0.257756	0.052005	0.137341	0.122675	0.102199	0.103544	0.107241	0.117238	0.005408	0.000308	0.007654	0.007957	0.000788	0.007940	0.000434	0.005873
74	4	10	0	0.286197	0.065632	0.128814	0.131611	0.082346	0.097295	0.104986	0.103118	0.005943	0.000132	0.007708	0.008213	0.000108	0.002044	0.000619	0.000902
75	4	11	0	0.289640	0.067974	0.115714	0.151316	0.048915	0.089695	0.119264	0.117483	0.001474	0.000031	0.000328	0.001003	0.000031	0.000235	0.000168	0.000118
76	4	12	0	0.264522	0.065494	0.118923	0.160050	0.047670	0.098027	0.111396	0.133919	0.000574	0.000024	0.000050	0.000121	0.000022	0.000040	0.000045	0.000054
77	4	13	0	0.248218	0.066657	0.129576	0.134267	0.051604	0.130312	0.112509	0.126857	0.000209	0.000040	0.000102	0.000232	0.000032	0.000056	0.000109	0.000075
78	4	14	0	0.239479	0.049786	0.144284	0.126887	0.063400	0.124454	0.125379	0.126329	0.000142	0.000062	0.000078	0.000145	0.000031	0.000057	0.000088	0.000075
79	4	15	0	0.205694	0.055550	0.140800	0.115959	0.103193	0.110469	0.121394	0.146941	0.000068	0.000070	0.000058	0.000059	0.000051	0.000050	0.000056	0.000058
80	5	0	7	0.168356	0.047491	0.150185	0.122550	0.139055	0.091985	0.107135	0.173244	0.000085	0.000051	0.000108	0.000051	0.000082	0.000042	0.000057	0.000050
81	5	1	0	0.224892	0.035896	0.135914	0.121567	0.121857	0.108450	0.126134	0.125290	0.001711	0.000079	0.005598	0.000475	0.002016	0.000075	0.000173	0.000110
82	5	2	0	0.229806	0.035175	0.130229	0.137134	0.085995	0.136770	0.140644	0.104246	0.004182	0.000066	0.006246	0.001415	0.001137	0.000090	0.000322	0.000135
83	5	3	0	0.238177	0.042490	0.142085	0.160693	0.079993	0.108395	0.118831	0.109336	0.003310	0.000054	0.000295	0.012593	0.000116	0.000107	0.001707	0.000146
84	5	4	0	0.237468	0.038657	0.173407	0.136892	0.087843	0.093232	0.107871	0.124629	0.006876	0.000026	0.001866	0.002863	0.000335	0.000254	0.004954	0.000299
85	5	5	0	0.223653	0.040701	0.185506	0.117494	0.092706	0.094612	0.111193	0.134135	0.006324	0.000025	0.000916	0.004995	0.000139	0.000376	0.006496	0.001297
86	5	6	0	0.207069	0.035495	0.204541	0.102179	0.106513	0.095335	0.102863	0.146005	0.000557	0.000029	0.000303	0.001805	0.000204	0.002357	0.000865	0.001127
87	5	7	2	0.203186	0.042060	0.204521	0.097420	0.098988	0.103342	0.093000	0.157484	0.000378	0.000129	0.000657	0.000538	0.000317	0.002187	0.000234	0.002085
88	5	8	0	0.193401	0.054711	0.180583	0.108860	0.098418	0.106297	0.110917	0.146813	0.000502	0.000567	0.002932	0.000647	0.001354	0.001186	0.000413	0.002163
89	5	9	0	0.217568	0.044193	0.174575	0.108865	0.137278	0.085373	0.105053	0.127096	0.001460	0.000346	0.001368	0.002489	0.001104	0.000614	0.003279	0.000620
90	5	10	0	0.246496	0.053860	0.163441	0.119991	0.128391	0.076497	0.102313	0.109011	0.005185	0.000180	0.010144	0.001619	0.000260	0.000725	0.007711	0.000187
91	5	11	0	0.256661	0.056164	0.155481	0.137072	0.104297	0.080339	0.106443	0.103543	0.000816	0.000038	0.004387	0.000321	0.000140	0.000262	0.002047	0.000171
92	5	12	0	0.253207	0.053315	0.134462	0.136617	0.079855	0.116642	0.106373	0.119527	0.000485	0.000034	0.000144	0.000167	0.000119	0.000197	0.000144	0.000105
93	5	13	0	0.231956	0.049490	0.141687	0.124464	0.068550	0.133396	0.125968	0.124490	0.000143	0.000050	0.000094	0.000172	0.000073	0.000145	0.000091	0.000147
94	5	14	0	0.223751	0.048690	0.155991	0.122408	0.077459	0.103985	0.132770	0.134946	0.000094	0.000050	0.000057	0.000080	0.000037	0.000079	0.000067	0.000090
95	5	15	0	0.188272	0.056620	0.143322	0.118086	0.113116	0.105691	0.122867	0.152025	0.000089	0.000070	0.000076	0.000065	0.000059	0.000069	0.000059	0.000068
96	6	0	7	0.149723	0.049769	0.160511	0.132168	0.139407	0.082651	0.104162	0.181608	0.000410	0.000062	0.000128	0.000059	0.000321	0.000052	0.000051	0.000058
97	6	1	0	0.178718	0.040745	0.150061	0.132608	0.128695	0.088565	0.134837	0.145771	0.004607	0.000081	0.005342	0.000400	0.011881	0.000284	0.000206	0.000115
98	6	2	0	0.196301	0.039280	0.153501	0.147967	0.097260	0.105558	0.142155	0.117979	0.002781	0.000051	0.002627	0.000389	0.004415	0.000730	0.000309	0.000151
99	6	3	0	0.200766	0.040937	0.167625	0.152951	0.095814	0.087749	0.131232	0.122926	0.003170	0.000052	0.003870	0.001524	0.000220	0.000278	0.000442	0.000231
100	6	4	0	0.191834	0.043944	0.177542	0.148239	0.093140	0.091860	0.122618	0.130823	0.010099	0.000036	0.000268	0.001257	0.000386	0.000260	0.001016	0.000352
101	6	5	0	0.216663	0.041726	0.197367	0.132719	0.078629	0.091736	0.110509	0.130650	0.000889	0.000024	0.000912	0.002163	0.001389	0.000444	0.001042	0.000868
102	6	6	2	0.214725	0.034228	0.219526	0.106804	0.084541	0.092190	0.099446	0.148540	0.000242	0.000018	0.002597	0.000765	0.000287	0.000484	0.000492	0.000338
103	6	7	2	0.194333	0.039767	0.201205	0.097301	0.102681	0.104194	0.102456	0.158062	0.000195	0.000034	0.005118	0.000269	0.000843	0.000818	0.000552	0.002927
104	6	8	0	0.181754	0.046546	0.166965	0.101333	0.110356	0.123460	0.124454	0.145133	0.001720	0.000166	0.008281	0.000644	0.000530	0.001161	0.001536	0.001681
105	6	9	0	0.183854	0.047273	0.182493	0.102848	0.108247	0.119056	0.117911	0.138318	0.000913	0.000393	0.002225	0.001641	0.000470	0.002125	0.004574	0.002577
106	6	10	0	0.197249	0.044054	0.188965	0.113115	0.135477	0.087221	0.108008	0.125912	0.000878	0.000180	0.000927	0.000672	0.000404	0.000910	0.003072	0.000357
107	6	11	0	0.216124	0.044704	0.179083	0.121082	0.126805	0.078643	0.114661	0.118899	0.000346	0.000040	0.000474	0.000361	0.000342	0.000821	0.002224	0.000323
108	6	12	0	0.215591	0.050799	0.153527	0.127247	0.120694	0.100154	0.123735	0.108254	0.000570	0.000055	0.000151	0.000363	0.000556	0.003270	0.000447	0.000858
109	6	13	0	0.209802	0.048087	0.139508	0.124210	0.115893	0.103327	0.136265	0.122909	0.000307	0.000074	0.000095	0.000221	0.001175	0.003534	0.000127	0.000697
110	6	14	0	0.199916	0.048440	0.142325	0.124506	0.107974	0.089152	0.140115	0.147572	0.000143	0.000083	0.000083	0.000077	0.003354	0.001399	0.000088	0.000180
111	6	15	0	0.166212	0.058733	0.142350	0.119258	0.139281	0.094441	0.125110	0.154615	0.000100	0.000092	0.000082	0.000059	0.001433	0.000286	0.000061	0.000067
112	7	0	7	0.153650	0.047427	0.164716	0.141553	0.133888	0.078918	0.097577	0.182272	0.000086	0.000049	0.000065	0.000047	0.000248	0.000060	0.000043	0.000041
113	7	1	7	0.155357	0.039728	0.163199	0.142868	0.117760	0.082371	0.128823	0.169894	0.006080	0.000069	0.000283	0.000283	0.003149	0.005255	0.000282	0.000114
114	7	2	0	0.171888	0.042700	0.164224	0.139363	0.104609	0.090631	0.136789	0.149795	0.000810	0.000062	0.000165	0.000373	0.000880	0.004991	0.000528	0.000215
115	7	3	0	0.175789	0.044112	0.171889	0.153420	0.096972	0.088598	0.126631	0.142588	0.002983	0.000057	0.000273	0.000724	0.000836	0.000587	0.000507	0.000249
116	7	4	0	0.185379	0.045352	0.179495	0.145726	0.093515	0.096786	0.120572	0.133176	0.005262	0.000036	0.002834	0.000854	0.002012	0.000372	0.000625	0.000478
117	7	5	0	0.239415	0.044409	0.166273	0.129452	0.076900	0.099015	0.108021	0.136514	0.003039	0.000025	0.005332	0.000483	0.001592	0.000227	0.000302	0.000668
118	7	6	0	0.228895	0.040199	0.176950	0.109987	0.076451	0.095398	0.113527	0.158592	0.000093	0.000024	0.006090	0.000175	0.001997	0.000201	0.000177	0.001726
119	7	7	0	0.218090	0.042847	0.164861	0.096778	0.102631	0.103578	0.111485	0.159730	0.000623	0.000024	0.005259	0.000102	0.003948	0.000485	0.000279	0.003918
120	7	8	0	0.221471	0.043313	0.136846	0.098143	0.129169	0.108631	0.119676	0.142752	0.001001	0.000098	0.006891	0.000140	0.000625	0.000836	0.004135	0.008464
121	7	9	0	0.216817	0.051591	0.132756	0.109009	0.131784	0.101107	0.133352	0.123583	0.002367	0.000375	0.002429	0.000507	0.000442	0.000590	0.002673	0.000733
122	7	10	0	0.231165	0.055194	0.138865	0.115172	0.100717	0.107165	0.129421	0.122301	0.001317	0.000307	0.003830	0.000763	0.000568	0.000809	0.001633	0.000748
123	7	11	0	0.226862	0.052834	0.137217	0.119362	0.094094	0.106123	0.138282	0.125225	0.000776	0.000069	0.000171	0.000579	0.001025	0.001172	0.000809	0.001731
124	7	12	0	0.238658	0.047970	0.133166	0.119578	0.103438	0.099389	0.138248	0.119552	0.001436	0.000061	0.000085	0.000388	0.001214	0.003296	0.000321	0.001041
125	7	13	0	0.211622	0.047517	0.134754	0.119807	0.114157	0.102955	0.146530	0.122660	0.002503	0.000094	0.000098	0.000363	0.004091	0.007609	0.000209	0.002290
126	7	14	0	0.188120	0.047288	0.139409	0.114879	0.123169	0.094433	0.151571	0.141130	0.000865	0.000107	0.000093	0.000129	0.015453	0.008150	0.000125	0.000426
127	7	15	7	0.146814	0.062850	0.140691	0.118350	0.152606	0.090791	0.131637	0.156261	0.000361	0.000125	0.000089	0.000101	0.023491	0.003084	0.000084	0.000064
128	8	0	7	0.151485	0.048236	0.162861	0.148108	0.125477	0.082229	0.101046	0.180558	0.000083	0.000055	0.000059	0.000057	0.000070	0.000088	0.000052	0.000039
129	8	1	3	0.152984	0.039631	0.153756	0.166553	0.108007	0.085197	0.130443	0.163428	0.000857	0.000101	0.000151	0.000374	0.000216	0.002405	0.000662	0.000176
130	8	2	0	0.163803	0.042165	0.161149	0.160884	0.097354	0.093725	0.131791	0.149129	0.000184	0.000070	0.000105	0.000310	0.000266	0.002335	0.001906	0.000273
131	8	3	0	0.176941	0.043468	0.161604	0.157420	0.086333	0.098677	0.124914	0.150643	0.001566	0.000063	0.000259	0.000319	0.001407	0.001163	0.001148	0.000612
132	8	4	0	0.191558	0.048263	0.157549	0.137835	0.088514	0.104519	0.123204	0.148557	0.005464	0.000047	0.001169	0.000577	0.001884	0.000726	0.000726	0.001853
133	8	5	0	0.219876	0.046051	0.152091	0.130597	0.081728	0.095145	0.121148	0.153364	0.005256	0.000028	0.004260	0.000376	0.000978	0.000726	0.000493	0.001229
134	8	6	0	0.225884	0.044520	0.141807	0.118243	0.087456	0.098308	0.120796	0.162988	0.000183	0.000035	0.005298	0.000081	0.000450	0.001082	0.000465	0.001177
135	8	7	0	0.229968	0.046287	0.141518	0.108801	0.099506	0.108318	0.116448	0.149154	0.000532	0.000036	0.005537	0.000347	0.000806	0.000743	0.000237	0.003398
136	8	8	0	0.247842	0.044480	0.134995	0.099883	0.124598	0.097178	0.112352	0.138673	0.001305	0.000156	0.003856	0.000132	0.001637	0.000295	0.003104	0.001322
137	8	9	0	0.235434	0.045493	0.120968	0.103989	0.130584	0.098004	0.134505	0.131022	0.002161	0.000110	0.000717	0.000224	0.001055	0.000682	0.002593	0.000088
138	8	10	0	0.221827	0.049555	0.116852	0.114745	0.120378	0.099552	0.153642	0.123449	0.001084	0.000158	0.000719	0.000425	0.000816	0.000561	0.001836	0.000168
139	8	11	0	0.204395	0.053609	0.116096	0.112187	0.113330	0.105725	0.167213	0.127445	0.001274	0.000056	0.000064	0.000474	0.000326	0.000411	0.001026	0.000319
140	8	12	0	0.216483	0.053670	0.109004	0.119634	0.110646	0.102665	0.173252	0.114646	0.003573	0.000055	0.000072	0.000470	0.002745	0.000425	0.000421	0.000267
141	8	13	0	0.203594	0.040575	0.109031	0.117370	0.124432	0.107331	0.184409	0.113258	0.003303	0.000069	0.000071	0.000192	0.008451	0.002719	0.000275	0.000585
142	8	14	6	0.172391	0.039736	0.127917	0.115008	0.137696	0.096616	0.181640	0.128996	0.004578	0.000070	0.000066	0.000245	0.016929	0.003774	0.000111	0.000095
143	8	15	4	0.135753	0.053586	0.132878	0.118862	0.166159	0.092129	0.143284	0.157348	0.001748	0.000082	0.000073	0.000259	0.006618	0.000135	0.000088	0.000044
144	9	0	7	0.154777	0.050366	0.157391	0.144000	0.120846	0.084890	0.110892	0.176837	0.000076	0.000060	0.000065	0.000097	0.000061	0.000088	0.000089	0.000043
145	9	1	3	0.151835	0.037679	0.146419	0.176210	0.104209	0.091634	0.132714	0.159299	0.000410	0.000095	0.000139	0.002960	0.000111	0.000255	0.004280	0.000156
146	9	2	0	0.170311	0.041144	0.152849	0.159145	0.089753	0.102450	0.139070	0.145277	0.000430	0.000054	0.000142	0.002934	0.000287	0.000938	0.004511	0.000254
147	9	3	0	0.167472	0.042083	0.157592	0.152958	0.083906	0.100261	0.137231	0.158496	0.000238	0.000064	0.000608	0.004294	0.000526	0.002538	0.000795	0.000925
148	9	4	0	0.170560	0.041090	0.151224	0.157087	0.080787	0.099544	0.140513	0.159194	0.000238	0.000045	0.000497	0.001243	0.000422	0.002646	0.000624	0.002020
149	9	5	0	0.187064	0.044907	0.142924	0.143581	0.079105	0.102909	0.140411	0.159100	0.000443	0.000032	0.000780	0.000295	0.000209	0.001249	0.000434	0.001334
150	9	6	0	0.215132	0.042474	0.141110	0.126097	0.067986	0.113306	0.132563	0.161332	0.000318	0.000022	0.003049	0.000097	0.000340	0.000597	0.000096	0.002028
151	9	7	0	0.248460	0.049029	0.142316	0.111669	0.051994	0.118733	0.121194	0.156605	0.002616	0.000024	0.000702	0.000475	0.000211	0.000249	0.000158	0.004686
152	9	8	0	0.296503	0.050422	0.129305	0.107760	0.061603	0.101022	0.105873	0.147513	0.003905	0.000105	0.000257	0.000183	0.001188	0.000150	0.000444	0.001294
153	9	9	0	0.283308	0.054261	0.114931	0.112550	0.077786	0.103595	0.118405	0.135164	0.005210	0.000080	0.000160	0.000238	0.000259	0.000136	0.001650	0.000234
154	9	10	0	0.252456	0.047669	0.116253	0.115289	0.085285	0.108954	0.144049	0.130044	0.009506	0.000116	0.000095	0.000268	0.000072	0.000565	0.006647	0.000094
155	9	11	0	0.198672	0.047571	0.113530	0.118004	0.110251	0.108328	0.180744	0.122901	0.003506	0.000045	0.000061	0.000645	0.000043	0.002014	0.003870	0.000079
156	9	12	6	0.188716	0.045760	0.107472	0.117591	0.125756	0.107694	0.191387	0.115623	0.001226	0.000041	0.000057	0.000468	0.000197	0.000217	0.001813	0.000100
157	9	13	6	0.170529	0.038512	0.110726	0.103083	0.147451	0.121957	0.196917	0.110825	0.001559	0.000056	0.000065	0.000364	0.001016	0.000136	0.001414	0.000064
158	9	14	6	0.144563	0.033114	0.119604	0.110716	0.160115	0.113081	0.192613	0.126194	0.002663	0.000043	0.000084	0.001420	0.000286	0.000068	0.000326	0.000054
159	9	15	4	0.120480	0.050025	0.129817	0.103353	0.194752	0.090531	0.163486	0.147555	0.002438	0.000079	0.000128	0.001586	0.000157	0.000062	0.000158	0.000086
160	10	0	7	0.139398	0.052340	0.165268	0.142787	0.132781	0.083976	0.109449	0.174001	0.000056	0.000068	0.000065	0.000335	0.000092	0.000070	0.000254	0.000049
161	10	1	7	0.151912	0.038291	0.158783	0.154532	0.112934	0.084474	0.125704	0.173370	0.000077	0.000059	0.000118	0.016549	0.000449	0.000066	0.012782	0.000100
162	10	2	0	0.166977	0.038181	0.156982	0.160217	0.094753	0.093435	0.143037	0.146417	0.000590	0.000059	0.000272	0.012381	0.000960	0.000236	0.003697	0.000418
163	10	3	3	0.161191	0.038195	0.160583	0.161622	0.085267	0.097648	0.147602	0.147892	0.000302	0.000088	0.001017	0.004401	0.000155	0.001670	0.000212	0.001805
164	10	4	0	0.196208	0.043684	0.152362	0.135335	0.071564	0.110994	0.147664	0.142190	0.000070	0.000055	0.000159	0.000143	0.000061	0.002996	0.000298	0.001126
165	10	5	0	0.247159	0.034601	0.156108	0.111550	0.048540	0.110786	0.130806	0.160450	0.000097	0.000032	0.000374	0.000023	0.000036	0.002528	0.000196	0.000226
166	10	6	0	0.285296	0.032085	0.161743	0.104525	0.039263	0.101624	0.119402	0.156062	0.000176	0.000027	0.000861	0.000043	0.000049	0.000457	0.000067	0.000553
167	10	7	0	0.309566	0.040940	0.139991	0.112739	0.039671	0.102132	0.109970	0.144991	0.000975	0.000056	0.000073	0.000071	0.000051	0.000068	0.000146	0.000436
168	10	8	0	0.349636	0.044783	0.122754	0.113310	0.041877	0.095187	0.095653	0.136799	0.001863	0.000068	0.000039	0.000047	0.000154	0.000045	0.000077	0.000326
169	10	9	0	0.350405	0.050395	0.113242	0.122616	0.042544	0.099601	0.095544	0.125653	0.003624	0.000057	0.000044	0.000061	0.000044	0.000083	0.000103	0.000076
170	10	10	0	0.311974	0.058265	0.110608	0.127495	0.047108	0.103353	0.114650	0.126547	0.003668	0.000186	0.000057	0.000095	0.000031	0.001510	0.000372	0.000075
171	10	11	0	0.271204	0.063100	0.105562	0.122827	0.067293	0.115310	0.131368	0.123336	0.000601	0.000083	0.000051	0.000085	0.000043	0.003232	0.002733	0.000070
172	10	12	0	0.205273	0.045711	0.102307	0.109163	0.110499	0.125432	0.179684	0.121931	0.000355	0.000042	0.000090	0.000141	0.000221	0.000516	0.011798	0.000077
173	10	13	6	0.161524	0.035472	0.105984	0.100622	0.150597	0.135296	0.203755	0.106750	0.000461	0.000049	0.000277	0.000534	0.000216	0.000104	0.015993	0.000151
174	10	14	6	0.135248	0.029806	0.114774	0.118217	0.163555	0.123005	0.196944	0.118451	0.000545	0.000038	0.000501	0.000930	0.000058	0.000032	0.013089	0.000437
175	10	15	4	0.124361	0.048199	0.127344	0.103175	0.194808	0.088668	0.175667	0.137778	0.000438	0.000085	0.000306	0.001214	0.000076	0.000053	0.008211	0.000965
176	11	0	7	0.137535	0.050076	0.167026	0.146334	0.135824	0.079941	0.110565	0.172698	0.000058	0.000069	0.000062	0.000448	0.000147	0.000048	0.000257	0.000058
177	11	1	7	0.151005	0.037514	0.152373	0.164133	0.100915	0.080075	0.138803	0.175184	0.000061	0.000057	0.000130	0.012695	0.002068	0.000059	0.002852	0.000096
178	11	2	3	0.162412	0.036417	0.153927	0.172701	0.086443	0.093348	0.156720	0.138032	0.000050	0.000047	0.000289	0.009965	0.001935	0.000153	0.001912	0.000571
179	11	3	0	0.190499	0.042106	0.142425	0.153170	0.079678	0.105360	0.161374	0.125388	0.000043	0.000074	0.000536	0.000143	0.000308	0.001155	0.000478	0.001370
180	11	4	0	0.292031	0.038034	0.138915	0.103543	0.054399	0.107787	0.133325	0.131966	0.000037	0.000175	0.000218	0.000033	0.000039	0.002566	0.000090	0.000257
181	11	5	0	0.343953	0.029932	0.143333	0.093451	0.045190	0.101898	0.117848	0.124395	0.000029	0.000238	0.000084	0.000030	0.000043	0.000580	0.000081	0.000110
182	11	6	0	0.376673	0.031264	0.139482	0.093039	0.034693	0.088915	0.112496	0.123438	0.000087	0.000096	0.000098	0.000073	0.000035	0.000639	0.000038	0.000126
183	11	7	0	0.394006	0.038588	0.125874	0.106433	0.031353	0.086972	0.097942	0.118832	0.001693	0.000142	0.000035	0.000057	0.000068	0.000121	0.000098	0.000061
184	11	8	0	0.421721	0.042435	0.112114	0.111318	0.036631	0.079167	0.079799	0.116816	0.003456	0.000092	0.000026	0.000021	0.000081	0.000085	0.000042	0.000118
185	11	9	0	0.405733	0.047459	0.107436	0.123977	0.037840	0.079217	0.080657	0.117682	0.002822	0.000066	0.000018	0.000031	0.000026	0.000099	0.000048	0.000090
186	11	10	0	0.349684	0.053424	0.113286	0.130171	0.038342	0.083953	0.099867	0.131273	0.000633	0.000051	0.000019	0.000155	0.000056	0.000342	0.000168	0.000102
187	11	11	0	0.311129	0.054101	0.111731	0.118381	0.051064	0.111925	0.111930	0.129738	0.000326	0.000034	0.000040	0.000137	0.000112	0.000773	0.000726	0.000046
188	11	12	0	0.225879	0.056798	0.092449	0.109792	0.097107	0.116339	0.180429	0.121208	0.000688	0.000046	0.000454	0.001159	0.000205	0.000453	0.013641	0.000098
189	11	13	6	0.168803	0.041378	0.093786	0.096270	0.158069	0.119904	0.216964	0.104826	0.000517	0.000070	0.000698	0.002155	0.000292	0.000100	0.052913	0.000729
190	11	14	6	0.134261	0.032268	0.120766	0.116386	0.164256	0.120415	0.194454	0.117194	0.000313	0.000048	0.000654	0.002356	0.000056	0.000031	0.058053	0.002003
191	11	15	4	0.124419	0.046169	0.129436	0.105555	0.189418	0.089472	0.179992	0.135539	0.000173	0.000079	0.000358	0.006300	0.000053	0.000047	0.023445	0.002784
192	12	0	7	0.138164	0.043660	0.163062	0.156116	0.134772	0.078338	0.114811	0.171076	0.000046	0.000057	0.000052	0.000171	0.000104	0.000039	0.000111	0.000060
193	12	1	3	0.143637	0.033461	0.143888	0.186155	0.095618	0.085461	0.140439	0.171340	0.000045	0.000036	0.000085	0.000421	0.003256	0.000042	0.000227	0.000280
194	12	2	3	0.154947	0.045395	0.143109	0.177647	0.088585	0.097065	0.152489	0.140762	0.000049	0.000067	0.000188	0.000110	0.000952	0.000127	0.000635	0.001979
195	12	3	0	0.243493	0.046452	0.122979	0.113836	0.073765	0.123548	0.149301	0.126625	0.000079	0.000122	0.000375	0.000085	0.000332	0.001535	0.000389	0.001489
196	12	4	0	0.354427	0.030949	0.119309	0.095988	0.051493	0.116274	0.114174	0.117386	0.000037	0.000313	0.000340	0.000036	0.000036	0.005414	0.000110	0.000137
197	12	5	0	0.422197	0.025629	0.113300	0.093645	0.042773	0.104030	0.092856	0.105569	0.000018	0.000364	0.000103	0.000033	0.000030	0.000566	0.000324	0.000333
198	12	6	0	0.421093	0.030997	0.119479	0.095655	0.035446	0.098671	0.088264	0.110396	0.000045	0.000315	0.000049	0.000105	0.000097	0.000566	0.000056	0.000227
199	12	7	0	0.393825	0.039528	0.119747	0.106516	0.035016	0.098996	0.082430	0.123941	0.001677	0.000428	0.000035	0.000032	0.000152	0.000419	0.000041	0.000099
200	12	8	0	0.393582	0.040762	0.112589	0.112596	0.037664	0.096188	0.075230	0.131389	0.000614	0.000176	0.000021	0.000023	0.000053	0.000313	0.000019	0.000059
201	12	9	0	0.390407	0.045709	0.110698	0.116490	0.037834	0.093062	0.075063	0.130737	0.002973	0.000064	0.000014	0.000046	0.000041	0.001669	0.000020	0.000030
202	12	10	0	0.358552	0.046513	0.108657	0.116136	0.038013	0.101148	0.086863	0.144118	0.001065	0.000022	0.000031	0.000216	0.000280	0.001208	0.000035	0.000087
203	12	11	0	0.322499	0.045226	0.111732	0.104497	0.044907	0.120903	0.098689	0.151547	0.001316	0.000025	0.000478	0.000316	0.001127	0.000293	0.000052	0.000175
204	12	12	0	0.279554	0.049340	0.106317	0.111518	0.063894	0.130541	0.123179	0.135656	0.001329	0.000043	0.003066	0.001216	0.001202	0.000160	0.000765	0.000759
205	12	13	0	0.199210	0.046883	0.096978	0.115056	0.116979	0.110197	0.195314	0.119382	0.001015	0.000087	0.000810	0.002044	0.001525	0.000159	0.012906	0.003612
206	12	14	6	0.156404	0.036185	0.112896	0.115220	0.145510	0.104882	0.204883	0.124020	0.000448	0.000057	0.002469	0.006943	0.000089	0.000039	0.017401	0.003097
207	12	15	4	0.141038	0.047659	0.128176	0.112311	0.172388	0.092597	0.167266	0.138565	0.000121	0.000078	0.000992	0.012008	0.000059	0.000053	0.000800	0.006791
208	13	0	7	0.150046	0.041533	0.160369	0.152822	0.129697	0.083854	0.104582	0.177097	0.000034	0.000047	0.000038	0.000075	0.000099	0.000028	0.000056	0.000094
209	13	1	3	0.159211	0.040772	0.145114	0.172040	0.104059	0.090644	0.123682	0.164477	0.000070	0.000072	0.000124	0.000077	0.000704	0.000072	0.000090	0.010125
210	13	2	0	0.207826	0.047281	0.126632	0.134574	0.090662	0.118400	0.140794	0.133832	0.000091	0.000127	0.000165	0.000097	0.000963	0.000276	0.000205	0.004299
211	13	3	0	0.277722	0.038364	0.118868	0.094541	0.064893	0.140091	0.137010	0.128510	0.000102	0.000137	0.000232	0.000115	0.000190	0.001749	0.000187	0.000374
212	13	4	0	0.334290	0.029704	0.116245	0.088146	0.057378	0.132065	0.118596	0.123576	0.000065	0.000217	0.000368	0.000060	0.000046	0.002112	0.000178	0.000116
213	13	5	0	0.391750	0.027662	0.111481	0.087690	0.051202	0.117409	0.099500	0.113306	0.000034	0.000476	0.000260	0.000051	0.000029	0.002863	0.000559	0.000451
214	13	6	0	0.421280	0.031886	0.114230	0.091365	0.039633	0.109308	0.077198	0.115100	0.000046	0.001078	0.000119	0.000036	0.000075	0.001327	0.000083	0.000357
215	13	7	0	0.400239	0.038692	0.115583	0.102099	0.034845	0.107688	0.073305	0.127550	0.000225	0.000862	0.000113	0.000024	0.000155	0.001698	0.000037	0.000101
216	13	8	0	0.381115	0.040893	0.111377	0.114556	0.034555	0.109116	0.073359	0.135028	0.000377	0.000089	0.000051	0.000018	0.000165	0.000654	0.000024	0.000038
217	13	9	0	0.355399	0.048887	0.109529	0.116969	0.036801	0.112299	0.077834	0.142283	0.004054	0.000032	0.000090	0.000040	0.000135	0.003216	0.000032	0.000043
218	13	10	0	0.331178	0.043764	0.107673	0.104902	0.037258	0.130447	0.084542	0.160236	0.002630	0.000029	0.000199	0.000101	0.000362	0.004113	0.000050	0.000077
219	13	11	0	0.304055	0.041211	0.111065	0.096535	0.049108	0.142611	0.094013	0.161402	0.001391	0.000041	0.000749	0.000202	0.000979	0.001378	0.000047	0.000216
220	13	12	0	0.289378	0.042812	0.110605	0.098012	0.062100	0.146899	0.106196	0.143999	0.002267	0.000062	0.001666	0.000874	0.002308	0.000298	0.000077	0.000632
221	13	13	0	0.235531	0.045140	0.116689	0.114407	0.088738	0.144900	0.120815	0.133780	0.002061	0.000113	0.004258	0.003029	0.003010	0.000249	0.000184	0.001392
222	13	14	0	0.182276	0.045248	0.129685	0.122384	0.124295	0.111014	0.140563	0.144535	0.000289	0.000091	0.006671	0.010925	0.000180	0.000058	0.000302	0.010975
223	13	15	0	0.161042	0.053271	0.139698	0.111722	0.152444	0.101587	0.126890	0.153345	0.000098	0.000086	0.000928	0.004572	0.000073	0.000057	0.000162	0.009221
224	14	0	7	0.150685	0.045667	0.148707	0.134204	0.128731	0.106476	0.094993	0.190537	0.000034	0.000052	0.000039	0.000055	0.000051	0.000029	0.000065	0.000632
225	14	1	0	0.168894	0.046674	0.138736	0.119892	0.126504	0.116440	0.117379	0.165482	0.000080	0.000109	0.000141	0.000075	0.000170	0.000074	0.000143	0.007600
226	14	2	0	0.224322	0.044956	0.121358	0.097790	0.100684	0.144207	0.129827	0.136856	0.000090	0.000139	0.000128	0.000110	0.000448	0.000180	0.000179	0.000806
227	14	3	0	0.250785	0.037513	0.131335	0.081652	0.088560	0.145199	0.117866	0.147091	0.000068	0.000084	0.000117	0.000105	0.000090	0.000379	0.000160	0.000100
228	14	4	0	0.290711	0.029875	0.133349	0.080284	0.083450	0.134774	0.110763	0.136794	0.000044	0.000066	0.000176	0.000084	0.000047	0.000728	0.000223	0.000060
229	14	5	0	0.317590	0.028760	0.127182	0.087005	0.069099	0.129666	0.104048	0.136650	0.000047	0.000338	0.000637	0.000090	0.000056	0.000744	0.000381	0.000161
230	14	6	0	0.338139	0.031877	0.130010	0.094468	0.057562	0.118418	0.089440	0.140085	0.000049	0.000460	0.001181	0.000101	0.000046	0.000830	0.000192	0.000242
231	14	7	0	0.332667	0.036493	0.136563	0.097350	0.055611	0.114632	0.087725	0.138960	0.000045	0.000160	0.000989	0.000073	0.000083	0.000514	0.000046	0.000077
232	14	8	0	0.332949	0.039273	0.137337	0.101650	0.056852	0.115553	0.083407	0.132978	0.000155	0.000045	0.001377	0.000048	0.000176	0.000154	0.000039	0.000033
233	14	9	0	0.303312	0.039149	0.140637	0.097095	0.066639	0.132527	0.083636	0.137005	0.000194	0.000028	0.002009	0.000072	0.000283	0.000647	0.000055	0.000053
234	14	10	0	0.280910	0.038917	0.136672	0.083993	0.074897	0.156637	0.091259	0.136716	0.000513	0.000035	0.002028	0.000083	0.001012	0.004259	0.000071	0.000149
235	14	11	0	0.262892	0.043023	0.136266	0.083133	0.083489	0.156370	0.094296	0.140532	0.002535	0.000041	0.001914	0.000065	0.004937	0.002449	0.000068	0.000122
236	14	12	0	0.240364	0.043878	0.130619	0.089578	0.089530	0.156649	0.100809	0.148573	0.004360	0.000066	0.002645	0.000224	0.005521	0.000410	0.000096	0.000424
237	14	13	0	0.220146	0.048442	0.125127	0.107444	0.103469	0.144826	0.107079	0.143466	0.000871	0.000117	0.007603	0.001141	0.000436	0.000128	0.000153	0.001709
238	14	14	0	0.183804	0.050796	0.132713	0.120438	0.123987	0.117111	0.111124	0.160025	0.000087	0.000110	0.001693	0.000876	0.000064	0.000056	0.000168	0.008540
239	14	15	7	0.163693	0.054477	0.148823	0.116876	0.139761	0.106190	0.098228	0.171951	0.000078	0.000093	0.000144	0.000255	0.000065	0.000061	0.000154	0.002464
240	15	0	7	0.165573	0.049972	0.173805	0.117489	0.129373	0.093701	0.086408	0.183679	0.000086	0.000157	0.000127	0.000151	0.000146	0.000077	0.000232	0.002050
241	15	1	0	0.186789	0.048185	0.143546	0.116075	0.123007	0.100743	0.101351	0.180304	0.000063	0.000166	0.000181	0.000090	0.000186	0.000079	0.000225	0.014911
242	15	2	0	0.217894	0.047098	0.137342	0.105573	0.111351	0.114424	0.110095	0.156223	0.000038	0.000099	0.000085	0.000055	0.000265	0.000076	0.000097	0.004923
243	15	3	0	0.208797	0.051391	0.151985	0.095562	0.103166	0.121200	0.103056	0.164843	0.000050	0.000065	0.000076	0.000075	0.000197	0.000124	0.000104	0.000790
244	15	4	0	0.215137	0.046684	0.157271	0.095378	0.105915	0.117658	0.099607	0.162351	0.000059	0.000099	0.000141	0.000112	0.000088	0.001367	0.000282	0.000233
245	15	5	0	0.231816	0.048440	0.144967	0.100139	0.098029	0.119221	0.100006	0.157381	0.000080	0.000610	0.000377	0.000106	0.000082	0.003261	0.000700	0.000339
246	15	6	0	0.230344	0.048048	0.164159	0.108165	0.096055	0.097361	0.093098	0.162772	0.000091	0.001153	0.001696	0.000110	0.000076	0.001069	0.000740	0.001276
247	15	7	0	0.221780	0.053224	0.186349	0.110245	0.100007	0.082981	0.083156	0.162258	0.000102	0.002381	0.003248	0.000120	0.000085	0.000288	0.000133	0.000325
248	15	8	0	0.218200	0.055565	0.191274	0.107762	0.103458	0.082698	0.075845	0.165197	0.000216	0.000234	0.004224	0.000139	0.000179	0.000133	0.000060	0.000088
249	15	9	0	0.214241	0.051385	0.171403	0.107502	0.107175	0.096032	0.078612	0.173649	0.000267	0.000134	0.005884	0.000208	0.001196	0.000141	0.000060	0.000097
250	15	10	0	0.216097	0.052912	0.158861	0.105950	0.094094	0.120518	0.081751	0.169817	0.000281	0.000083	0.007732	0.000299	0.006461	0.001663	0.000054	0.000150
251	15	11	0	0.208399	0.051379	0.159023	0.103114	0.093048	0.135908	0.086162	0.162967	0.003396	0.000081	0.009067	0.000590	0.011677	0.016686	0.000059	0.000334
252	15	12	0	0.221288	0.050202	0.147873	0.105802	0.089464	0.133544	0.090976	0.160852	0.011274	0.000066	0.009188	0.001497	0.003368	0.001963	0.000051	0.001921
253	15	13	0	0.213601	0.049580	0.140465	0.119660	0.107872	0.114850	0.095707	0.158265	0.001192	0.000093	0.007093	0.005276	0.000222	0.000107	0.000066	0.011619
254	15	14	0	0.188289	0.045225	0.155635	0.132564	0.112337	0.098235	0.094080	0.173635	0.000095	0.000106	0.001920	0.001934	0.000039	0.000047	0.000101	0.013833
255	15	15	7	0.166267	0.048593	0.166065	0.119871	0.134083	0.094288	0.101249	0.169584	0.000118	0.000180	0.000395	0.001021	0.000067	0.000079	0.000272	0.008947
